{"cameraMode":{"drawMode":0,"name":"Shaded","section":"Shading Mode"},"sceneLighting":false,"audioPlay":false,"sceneViewState":{"showFog":true,"showMaterialUpdate":false,"showSkybox":false,"showFlares":true,"showImageEffects":true,"showParticleSystems":true},"in2DMode":false,"pivot":{"x":-15.85267448425293,"y":3.310048818588257,"z":-0.2145557701587677},"rotation":{"x":-0.3013496696949005,"y":0.44997188448905947,"z":-0.16447633504867555,"w":-0.8244156837463379},"size":6.231541633605957,"orthographic":false}