{"cameraMode":{"drawMode":0,"name":"Shaded","section":"Shading Mode"},"sceneLighting":false,"audioPlay":false,"sceneViewState":{"showFog":true,"showMaterialUpdate":false,"showSkybox":false,"showFlares":true,"showImageEffects":true,"showParticleSystems":true},"in2DMode":false,"pivot":{"x":-29.234577178955079,"y":2.32621431350708,"z":-1.5680732727050782},"rotation":{"x":0.003650579834356904,"y":-0.8500904440879822,"z":0.0058923885226249699,"w":0.5265911817550659},"size":0.7942435145378113,"orthographic":false}