{"cameraMode":{"drawMode":0,"name":"Shaded","section":"Shading Mode"},"sceneLighting":false,"audioPlay":false,"sceneViewState":{"showFog":true,"showMaterialUpdate":false,"showSkybox":false,"showFlares":true,"showImageEffects":true,"showParticleSystems":true},"in2DMode":false,"pivot":{"x":-24.09772300720215,"y":1.5455414056777955,"z":-0.3005003035068512},"rotation":{"x":-0.020743731409311296,"y":0.006129868794232607,"z":-0.00012413019430823624,"w":-0.9997660517692566},"size":5.428866386413574,"orthographic":false}