{"cameraMode":{"drawMode":0,"name":"Shaded","section":"Shading Mode"},"sceneLighting":false,"audioPlay":false,"sceneViewState":{"showFog":true,"showMaterialUpdate":false,"showSkybox":false,"showFlares":true,"showImageEffects":true,"showParticleSystems":true},"in2DMode":false,"pivot":{"x":43.96559143066406,"y":3.0102996826171877,"z":-8.254202842712403},"rotation":{"x":0.0021915521938353779,"y":0.9948729276657105,"z":-0.0221379604190588,"w":0.09865576773881912},"size":10.213038444519043,"orthographic":false}